
  <NoSqlDb type="DbCore">
    <dbRecord>
      <key>
        Anjanappa
      </key>
      <value name="Akash" description="TA for CSE687" date_time="Tue Feb  6 22:24:27 2018" children_keys="">
        <payload>
          You have demonstrated Requirement #6, #7 and #8! What a bright student you are!
        </payload>
      </value>
    </dbRecord>
    <dbRecord>
      <key>
        Fawcett
      </key>
      <value name="Jim" description="Instructor for CSE687" date_time="Tue Feb  6 22:24:27 2018" children_keys="Anjanappa Arora Prashar Salman Sun ">
        <payload>
          The good news is ...
        </payload>
      </value>
    </dbRecord>
    <dbRecord>
      <key>
        Sun
      </key>
      <value name="Jianan" description="TA for CSE687" date_time="Tue Feb  6 22:24:27 2018" children_keys="">
        <payload>
          Dr. Fawcett said ...
        </payload>
      </value>
    </dbRecord>
    <dbRecord>
      <key>
        Salman
      </key>
      <value name="Ammar" description="TA for CSE687" date_time="Tue Feb  6 22:24:27 2018" children_keys="Sun Prashar Arora Anjanappa ">
        <payload>
          You should try ...
        </payload>
      </value>
    </dbRecord>
    <dbRecord>
      <key>
        Prashar
      </key>
      <value name="Nikhil" description="TA for CSE687" date_time="Tue Feb  6 22:24:27 2018" children_keys="">
        <payload>
          You have demonstrated Requirement #4 below. Good job!
        </payload>
      </value>
    </dbRecord>
    <dbRecord>
      <key>
        Arora
      </key>
      <value name="Pranjul" description="TA for CSE687" date_time="Tue Feb  6 22:24:27 2018" children_keys="">
        <payload>
          You have demonstrated Requirement #5 below. Keep it up!
        </payload>
      </value>
    </dbRecord>
    <dbRecord>
      <key>
        Goyal
      </key>
      <value name="Akshay" description="Some student in CSE687" date_time="Tue Feb  6 22:24:28 2018" children_keys="">
        <payload>
          He pays attention in class ...
        </payload>
      </value>
    </dbRecord>
  </NoSqlDb>
