<NoSqlDb type="DbCore">
    <dbRecord>
      <key>
        Executive
      </key>
      <value name="Executive" description="Contains the call to all the test functions" date_time="Tue Feb  6 20:01:34 2018" children_keys="Test">
        <payload>
          This is a generic package which can be used to execute functions in other packages 
        </payload>
      </value>
    </dbRecord>
    <dbRecord>
      <key>
        Test
      </key>
      <value name="Test" description="This package provides a class to handle test cases on a NoSqlDb" date_time="Tue Feb  6 20:01:34 2018" children_keys="Query TestUtilities DateTime StringUtilities">
        <payload>
          The functions of this package satisfies the requirements 12 of Project 1
        </payload>
      </value>
    </dbRecord>
    <dbRecord>
      <key>
        Query
      </key>
      <value name="Query" description="Defines NoSql database Query operations" date_time="Tue Feb  6 20:01:34 2018" children_keys="DbCore">
        <payload>
          This package provides a class to handle queries on a NoSqlDb and a structure to hold the conditions to be passed to a query
        </payload>
      </value>
    </dbRecord>
    <dbRecord>
      <key>
        DbCore
      </key>
      <value name="DbCore" description="Implements NoSql database prototype" date_time="Tue Feb  6 20:01:34 2018" children_keys="XmlDocument">
        <payload>
          This package provides two classes defined by Prof. Fawcett
        </payload>
      </value>
    </dbRecord>
    <dbRecord>
      <key>
        XmlDocument
      </key>
      <value name="XmlDocument" description="a container of XmlElement nodes" date_time="Tue Feb  6 20:01:34 2018" children_keys="">
        <payload>
          This package is intended to help students in CSE687
        </payload>
      </value>
    </dbRecord>
    <dbRecord>
      <key>
        DateTime
      </key>
      <value name="DateTime" description="represents clock time" date_time="Tue Feb  6 20:01:34 2018" children_keys="">
        <payload>
          The DateTime class represents clock time
        </payload>
      </value>
    </dbRecord>
    <dbRecord>
      <key>
        TestUtilities
      </key>
      <value name="TestUtilities" description="provides single-user test harness" date_time="Tue Feb  6 20:01:35 2018" children_keys="">
        <payload>
          TestExecutor executes single test in the context of a try-catch block. TestExecutive uses TestExecutor to run a sequence of tests
        </payload>
      </value>
    </dbRecord>
	<dbRecord>
      <key>
        StringUtilities
      </key>
      <value name="StringUtilities" description="small, generally useful, helper classes" date_time="Tue Feb  6 20:01:35 2018" children_keys="">
        <payload>
          Provided by Prof. Fawcett
        </payload>
      </value>
    </dbRecord>
  </NoSqlDb>